2025-04-11 23:32:41.585229,-189.0689720309456,-1.9517540392654051,0.797437473761006,-273.03887554827895,-273.03887554827895,-273.0470575971114,-273.03887554827895,-273.0306934994937,-273.0470575971114,-273.03887554827895,-273.0470575971114,-273.03887554827895,-273.0470575971114,-273.03887554827895,0
2025-04-11 23:32:41.676925,-127.70028316733658,-2.475310141086326,-0.04568407308257444,-273.0306934994937,-273.0470575971114,-273.03887554827895,-273.0470575971114,-273.0470575971114,-273.03887554827895,-273.0470575971114,-273.03887554827895,-273.03887554827895,-273.03887554827895,-273.0470575971114,0
2025-04-11 23:32:41.780310,47.4711505519757,-2.581657495496826,-0.02114241470205368,-273.03887554827895,-273.03887554827895,-273.03887554827895,-273.03887554827895,-273.03887554827895,-273.0470575971114,-273.0470575971114,-273.0470575971114,-273.0470575971114,-273.03887554827895,-273.0470575971114,0
2025-04-11 23:32:41.874212,31.550909437765746,0.2817235397505878,1.6651452749710736,-273.0306934994937,-273.0470575971114,-273.03887554827895,-273.0470575971114,-273.0306934994937,-273.0470575971114,-273.0470575971114,-273.0470575971114,-273.0470575971114,-273.0470575971114,-273.03887554827895,0
2025-04-11 23:32:41.967520,2.26271663836493,-1.100975744255413,0.7646937498042228,-273.03887554827895,-273.0470575971114,-273.03887554827895,-273.0470575971114,-273.0470575971114,-273.03887554827895,-273.03887554827895,-273.0470575971114,-273.0470575971114,-273.05523964599126,-273.0470575971114,0
2025-04-11 23:32:42.062071,-105.22660677670152,-1.100975744255413,0.797437473761006,-273.0306934994937,-273.03887554827895,-273.0470575971114,-273.0470575971114,-273.03887554827895,-273.0470575971114,-273.03887554827895,-273.03887554827895,-273.0470575971114,-273.0470575971114,-273.0470575971114,0
2025-04-11 23:32:42.165284,78.15590044836074,-2.483490706555709,0.11800470473842758,-273.0306934994937,-273.0470575971114,-273.0470575971114,-273.03887554827895,-273.0470575971114,-273.03887554827895,-273.0470575971114,-273.03887554827895,-273.0470575971114,-273.0470575971114,-273.0470575971114,0
2025-04-11 23:32:42.263525,187.8145847717769,-1.8126844789179462,0.6009750936437612,-273.03887554827895,-273.03887554827895,-273.03887554827895,-273.0470575971114,-273.03887554827895,-273.0470575971114,-273.0470575971114,-273.03887554827895,-273.0470575971114,-273.0470575971114,-273.0470575971114,0
2025-04-11 23:32:42.342464,24.429587753830564,-0.6919478810255247,1.452311443626064,-273.0306934994937,-273.03887554827895,-273.03887554827895,-273.03887554827895,-273.0306934994937,-273.03887554827895,-273.03887554827895,-273.0470575971114,-273.0306934994937,-273.0470575971114,-273.03887554827895,0
2025-04-11 23:32:42.445246,-129.54106151068845,-1.6654343695544567,0.6992062946153488,-273.03887554827895,-273.0470575971114,-273.0470575971114,-273.0470575971114,-273.0470575971114,-273.03887554827895,-273.03887554827895,-273.03887554827895,-273.0470575971114,-273.03887554827895,-273.0470575971114,0
2025-04-11 23:32:42.538806,-140.57759786012952,-1.52636483443678,0.6500906968577972,-273.03887554827895,-273.0470575971114,-273.0470575971114,-273.0306934994937,-273.03887554827895,-273.0470575971114,-273.03887554827895,-273.03887554827895,-273.0470575971114,-273.0470575971114,-273.03887554827895,0
2025-04-11 23:32:42.636899,153.97059623912358,-1.9844762905399858,0.6419047633677138,-273.0306934994937,-273.03887554827895,-273.03887554827895,-273.03887554827895,-273.03887554827895,-273.0470575971114,-273.0470575971114,-273.03887554827895,-273.0470575971114,-273.03887554827895,-273.03887554827895,0
2025-04-11 23:32:42.733974,130.0507609436265,-0.04568407308257444,1.558728372106068,-273.0306934994937,-273.0306934994937,-273.03887554827895,-273.03887554827895,-273.03887554827895,-273.0470575971114,-273.0470575971114,-273.0470575971114,-273.0470575971114,-273.03887554827895,-273.0470575971114,0
2025-04-11 23:32:42.827867,-83.00687515017624,-1.068253511297258,0.8219952651371205,-273.0306934994937,-273.0470575971114,-273.03887554827895,-273.0470575971114,-273.0470575971114,-273.0470575971114,-273.0470575971114,-273.0470575971114,-273.03887554827895,-273.03887554827895,-273.03887554827895,0
2025-04-11 23:32:42.919177,-29.7822748339104,-1.395475871401763,0.4372563768556736,-273.0225114507557,-273.0470575971114,-273.0470575971114,-273.03887554827895,-273.0470575971114,-273.03887554827895,-273.03887554827895,-273.0470575971114,-273.0470575971114,-273.0470575971114,-273.03887554827895,0
2025-04-11 23:32:43.010162,-100.93971127494461,-1.2318646828707531,0.6664625633832572,-273.0306934994937,-273.03887554827895,-273.0306934994937,-273.0470575971114,-273.0470575971114,-273.03887554827895,-273.03887554827895,-273.03887554827895,-273.0470575971114,-273.0470575971114,-273.0470575971114,0
2025-04-11 23:32:43.105641,157.78390235332074,-0.6755867687004199,-0.2992812320121949,-273.03887554827895,-273.03887554827895,-273.03887554827895,-273.03887554827895,-273.0470575971114,-273.03887554827895,-273.03887554827895,-273.0470575971114,-273.0470575971114,-273.03887554827895,-273.0470575971114,0
2025-04-11 23:32:43.187771,112.43125220805486,-0.5937812096178936,1.5669142886204765,-273.0225114507557,-273.03887554827895,-273.0470575971114,-273.03887554827895,-273.03887554827895,-273.03887554827895,-273.0470575971114,-273.03887554827895,-273.03887554827895,-273.0470575971114,-273.03887554827895,0
2025-04-11 23:32:43.270506,-95.54020367220232,-1.2073230060537166,0.6910203620346793,-273.0306934994937,-273.03887554827895,-273.0470575971114,-273.03887554827895,-273.03887554827895,-273.03887554827895,-273.0470575971114,-273.0470575971114,-273.03887554827895,-273.03887554827895,-273.0470575971114,0
2025-04-11 23:32:43.389564,-86.0420255256312,-2.409865618858244,0.30628135977326554,-273.03887554827895,-273.0470575971114,-273.0470575971114,-273.0470575971114,-273.0470575971114,-273.0470575971114,-273.0470575971114,-273.0470575971114,-273.03887554827895,-273.0306934994937,-273.0470575971114,0
2025-04-11 23:32:43.484257,150.65643010069695,-1.878128976378385,0.7892515429991636,-273.0306934994937,-273.03887554827895,-273.0470575971114,-273.03887554827895,-273.03887554827895,-273.03887554827895,-273.0470575971114,-273.03887554827895,-273.03887554827895,-273.03887554827895,-273.0470575971114,0
2025-04-11 23:32:43.575811,75.75783585610763,-0.19293403137419446,1.321336727256091,-273.03887554827895,-273.03887554827895,-273.03887554827895,-273.03887554827895,-273.0470575971114,-273.0470575971114,-273.0470575971114,-273.03887554827895,-273.0470575971114,-273.0470575971114,-273.0306934994937,0
2025-04-11 23:32:43.670219,32.38581550245133,-2.540754666029055,0.1998641298229824,-273.03887554827895,-273.0470575971114,-273.03887554827895,-273.03887554827895,-273.03887554827895,-273.03887554827895,-273.0470575971114,-273.0470575971114,-273.03887554827895,-273.03887554827895,-273.03887554827895,0
2025-04-11 23:32:43.763395,191.38212707414232,-0.9537257012848966,1.059387178111659,-273.0306934994937,-273.03887554827895,-273.03887554827895,-273.0470575971114,-273.03887554827895,-273.03887554827895,-273.03887554827895,-273.03887554827895,-273.0470575971114,-273.03887554827895,-273.03887554827895,0
2025-04-11 23:32:43.884736,-115.68210140882154,-1.272767478413692,0.6992062946153488,-273.03887554827895,-273.03887554827895,-273.03887554827895,-273.03887554827895,-273.03887554827895,-273.0470575971114,-273.03887554827895,-273.0470575971114,-273.03887554827895,-273.03887554827895,-273.0470575971114,0
2025-04-11 23:32:43.966080,-112.61416706592529,-2.213532068461121,0.2817235397505878,-273.03887554827895,-273.03887554827895,-273.03887554827895,-273.0470575971114,-273.03887554827895,-273.03887554827895,-273.0470575971114,-273.03887554827895,-273.0470575971114,-273.03887554827895,-273.03887554827895,0
2025-04-11 23:32:44.060515,51.367225080263495,-2.581657495496826,0.2571657183637853,-273.0306934994937,-273.03887554827895,-273.03887554827895,-273.03887554827895,-273.0470575971114,-273.03887554827895,-273.0470575971114,-273.0470575971114,-273.03887554827895,-273.03887554827895,-273.03887554827895,0
2025-04-11 23:32:44.166131,-154.20771036052403,-1.9517540392654051,0.4208845018423427,-273.0306934994937,-273.03887554827895,-273.03887554827895,-273.0470575971114,-273.0470575971114,-273.0470575971114,-273.0470575971114,-273.03887554827895,-273.0470575971114,-273.0470575971114,-273.03887554827895,0
2025-04-11 23:32:44.248383,78.08223995482707,-2.532574100262754,-0.04568407308257444,-273.0306934994937,-273.03887554827895,-273.03887554827895,-273.03887554827895,-273.03887554827895,-273.0470575971114,-273.03887554827895,-273.03887554827895,-273.03887554827895,-273.03887554827895,-273.0470575971114,0
2025-04-11 23:32:44.333435,229.50230222730357,-0.34018400339528965,1.7797480647947417,-273.0306934994937,-273.0306934994937,-273.0470575971114,-273.0470575971114,-273.03887554827895,-273.03887554827895,-273.0470575971114,-273.0470575971114,-273.03887554827895,-273.0470575971114,-273.03887554827895,0
2025-04-11 23:32:44.491764,-141.97660125444546,-2.3444210993447334,0.22442195439274334,-273.0306934994937,-273.0470575971114,-273.0470575971114,-273.0470575971114,-273.0470575971114,-273.0470575971114,-273.03887554827895,-273.0470575971114,-273.03887554827895,-273.0470575971114,-273.0470575971114,0
2025-04-11 23:32:44.583556,-155.79489846117804,-1.2400452418945527,1.206733818603024,-273.0306934994937,-273.0470575971114,-273.03887554827895,-273.03887554827895,-273.03887554827895,-273.0470575971114,-273.0470575971114,-273.0470575971114,-273.03887554827895,-273.03887554827895,-273.0470575971114,0
2025-04-11 23:32:44.685054,-133.76258839525207,-2.5162129688574044,0.4372563768556736,-273.0306934994937,-273.0306934994937,-273.03887554827895,-273.0470575971114,-273.03887554827895,-273.03887554827895,-273.03887554827895,-273.03887554827895,-273.0470575971114,-273.0470575971114,-273.03887554827895,0
2025-04-11 23:32:44.764870,141.13113286307586,-1.9844762905399858,0.34721105677967434,-273.0306934994937,-273.03887554827895,-273.0470575971114,-273.03887554827895,-273.0470575971114,-273.03887554827895,-273.03887554827895,-273.03887554827895,-273.03887554827895,-273.0470575971114,-273.0470575971114,0
2025-04-11 23:32:44.885588,-49.62061792163018,-1.4200175511440738,0.6173469619880495,-273.0470575971114,-273.03887554827895,-273.03887554827895,-273.03887554827895,-273.0470575971114,-273.0470575971114,-273.03887554827895,-273.03887554827895,-273.0470575971114,-273.03887554827895,-273.0470575971114,0
2025-04-11 23:32:44.967181,-162.8881774186531,-2.2953377114909923,0.17530630388909604,-273.0306934994937,-273.03887554827895,-273.0470575971114,-273.03887554827895,-273.03887554827895,-273.0470575971114,-273.0470575971114,-273.0470575971114,-273.0470575971114,-273.0470575971114,-273.03887554827895,0
2025-04-11 23:32:45.051671,-53.55559367350772,-2.5243935345388704,-0.07022573184444546,-273.0306934994937,-273.03887554827895,-273.03887554827895,-273.0470575971114,-273.0470575971114,-273.0470575971114,-273.0470575971114,-273.0470575971114,-273.0470575971114,-273.03887554827895,-273.03887554827895,0
2025-04-11 23:32:45.147085,-130.955131130966,-0.7805953796444041,1.535101540141141,-272.4076324478646,-272.42399654548234,-272.42399654548234,-272.4158144966499,-272.42399654548234,-272.4158144966499,-272.42399654548234,-272.42399654548234,-272.42399654548234,-272.4158144966499,-272.4158144966499,0.6230610516290653
2025-04-11 23:32:45.255906,225.98540453609317,-0.38792855362346246,2.099930250254806,-272.4076324478646,-272.42399654548234,-272.42399654548234,-272.4158144966499,-272.4158144966499,-272.4158144966499,-272.4158144966499,-272.4158144966499,-272.4158144966499,-272.42399654548234,-272.4158144966499,0.6230610516290653
2025-04-11 23:32:45.422149,-162.6905505580182,-0.7805953796444041,1.1012471133656048,-272.4076324478646,-272.4158144966499,-272.42399654548234,-272.4158144966499,-272.42399654548234,-272.4158144966499,-272.42399654548234,-272.4158144966499,-272.42399654548234,-272.42399654548234,-272.42399654548234,0.6230610516290653
2025-04-11 23:32:45.513267,32.738760058617004,-1.9585964438677608,0.5937380841758767,-272.4076324478646,-272.4158144966499,-272.4158144966499,-272.4158144966499,-272.4158144966499,-272.42399654548234,-272.4158144966499,-272.42399654548234,-272.42399654548234,-272.4158144966499,-272.4158144966499,0.6230610516290653
2025-04-11 23:32:45.615881,-96.71697635165344,-0.8705815410314048,1.240408013617115,-272.4076324478646,-272.4158144966499,-272.42399654548234,-272.42399654548234,-272.4158144966499,-272.4158144966499,-272.4158144966499,-272.42399654548234,-272.4158144966499,-272.4158144966499,-272.42399654548234,0.6230610516290653
2025-04-11 23:32:45.710634,124.19241224481176,-1.4677625602393807,1.0357596157373887,-272.4158144966499,-272.4158144966499,-272.4158144966499,-272.4158144966499,-272.4158144966499,-272.4158144966499,-272.4158144966499,-272.42399654548234,-272.42399654548234,-272.4158144966499,-272.42399654548234,0.6230610516290653
2025-04-11 23:32:45.826984,-69.63788456181717,-0.9033037828077146,1.0521314910538582,-272.4076324478646,-272.4158144966499,-272.42399654548234,-272.4076324478646,-272.4158144966499,-272.4076324478646,-272.4158144966499,-272.42399654548234,-272.4158144966499,-272.4158144966499,-272.42399654548234,0.6230610516290653
2025-04-11 23:32:45.933204,-39.8105318433941,-1.8849713515892894,0.7083219820897232,-272.4076324478646,-272.4158144966499,-272.42399654548234,-272.4158144966499,-272.42399654548234,-272.4158144966499,-272.4158144966499,-272.4158144966499,-272.42399654548234,-272.42399654548234,-272.42399654548234,0.6230610516290653
2025-04-11 23:32:46.013188,263.79995200509444,0.2419742757912412,2.099930250254806,-272.4076324478646,-272.4158144966499,-272.4158144966499,-272.4158144966499,-272.42399654548234,-272.4158144966499,-272.42399654548234,-272.42399654548234,-272.4158144966499,-272.4158144966499,-272.4158144966499,0.6230610516290653
2025-04-11 23:32:46.117196,-87.8978114491385,-1.9422353119533988,0.3565020359605618,-272.4076324478646,-272.4158144966499,-272.42399654548234,-272.4158144966499,-272.42399654548234,-272.42399654548234,-272.42399654548234,-272.42399654548234,-272.4158144966499,-272.42399654548234,-272.4158144966499,0.6230610516290653
2025-04-11 23:32:46.211491,-67.3799517518864,-0.7069703423253157,2.0016992220714185,-272.4076324478646,-272.42399654548234,-272.4158144966499,-272.4158144966499,-272.42399654548234,-272.4158144966499,-272.4158144966499,-272.4158144966499,-272.42399654548234,-272.42399654548234,-272.42399654548234,0.6230610516290653
2025-04-11 23:32:46.295509,-21.444825328396295,-2.1958328756936387,0.7083219820897232,-272.4076324478646,-272.42399654548234,-272.4158144966499,-272.42399654548234,-272.4158144966499,-272.42399654548234,-272.42399654548234,-272.4158144966499,-272.42399654548234,-272.4158144966499,-272.42399654548234,0.6230610516290653
2025-04-11 23:32:46.432575,-154.0018996242676,-0.854220420397642,1.0521314910538582,-272.4076324478646,-272.42399654548234,-272.4158144966499,-272.42399654548234,-272.42399654548234,-272.4158144966499,-272.4158144966499,-272.42399654548234,-272.42399654548234,-272.42399654548234,-272.4158144966499,0.6230610516290653
2025-04-11 23:32:46.513995,-86.92427040675845,-1.7786240021415387,0.5037520011168111,-272.4076324478646,-272.42399654548234,-272.42399654548234,-272.42399654548234,-272.4158144966499,-272.4158144966499,-272.4158144966499,-272.42399654548234,-272.42399654548234,-272.4158144966499,-272.42399654548234,0.6230610516290653
2025-04-11 23:32:46.615667,-109.64311781611251,-0.7478731404119578,1.281337681825377,-272.4076324478646,-272.42399654548234,-272.42399654548234,-272.42399654548234,-272.4158144966499,-272.42399654548234,-272.4158144966499,-272.42399654548234,-272.42399654548234,-272.42399654548234,-272.4158144966499,0.6230610516290653
2025-04-11 23:32:46.711773,198.1583127411558,-0.2815813050510243,0.6755782053868395,-272.4076324478646,-272.42399654548234,-272.4158144966499,-272.4158144966499,-272.42399654548234,-272.4158144966499,-272.4158144966499,-272.4158144966499,-272.42399654548234,-272.4158144966499,-272.4158144966499,0.6230610516290653
2025-04-11 23:32:46.794394,-111.93383796595806,-0.7478731404119578,1.3631970068742274,-272.39945039912664,-272.42399654548234,-272.4158144966499,-272.42399654548234,-272.4158144966499,-272.42399654548234,-272.42399654548234,-272.42399654548234,-272.42399654548234,-272.42399654548234,-272.4158144966499,0.6230610516290653
2025-04-11 23:32:46.923970,201.16938508415504,-1.2059845513995617,0.9948299247937529,-272.4076324478646,-272.4158144966499,-272.4076324478646,-272.42399654548234,-272.4158144966499,-272.42399654548234,-272.42399654548234,-272.4076324478646,-272.4158144966499,-272.4158144966499,-272.42399654548234,0.6230610516290653
2025-04-11 23:32:47.012370,-112.10564211750041,-0.8214981796388936,1.5187296827098136,-272.4158144966499,-272.4076324478646,-272.42399654548234,-272.4158144966499,-272.42399654548234,-272.4158144966499,-272.42399654548234,-272.4158144966499,-272.4158144966499,-272.42399654548234,-272.4158144966499,0.6230610516290653
2025-04-11 23:32:47.090044,-110.01945017330297,-1.6804572243981837,0.6510203712681956,-272.4076324478646,-272.4158144966499,-272.4158144966499,-272.42399654548234,-272.4158144966499,-272.4158144966499,-272.4158144966499,-272.42399654548234,-272.4076324478646,-272.4076324478646,-272.42399654548234,0.6230610516290653
2025-04-11 23:32:47.169411,183.62632760645317,-1.4677625602393807,0.71650792588652,-272.4076324478646,-272.4158144966499,-272.4158144966499,-272.4158144966499,-272.4076324478646,-272.4158144966499,-272.42399654548234,-272.4158144966499,-272.42399654548234,-272.42399654548234,-272.4158144966499,0.6230610516290653
2025-04-11 23:32:47.265401,192.50431445615965,-1.1405400559745376,0.9539002300608843,-272.4158144966499,-272.4158144966499,-272.4076324478646,-272.4158144966499,-272.42399654548234,-272.4158144966499,-272.4158144966499,-272.4158144966499,-272.4158144966499,-272.4158144966499,-272.42399654548234,0.6230610516290653
2025-04-11 23:32:47.420854,-86.9406324359407,-0.8378592999334717,1.2731517484868626,-272.4076324478646,-272.4076324478646,-272.4158144966499,-272.42399654548234,-272.4158144966499,-272.42399654548234,-272.4158144966499,-272.4158144966499,-272.42399654548234,-272.42399654548234,-272.42399654548234,0.6230610516290653
2025-04-11 23:32:47.500398,174.73179710971053,-1.3368735503913745,0.9457142906596026,-272.4158144966499,-272.4076324478646,-272.4158144966499,-272.42399654548234,-272.4158144966499,-272.4158144966499,-272.42399654548234,-272.42399654548234,-272.42399654548234,-272.42399654548234,-272.4158144966499,0.6230610516290653
2025-04-11 23:32:47.586093,-45.39800361954539,-0.6660675452985632,1.2731517484868626,-272.4076324478646,-272.4158144966499,-272.42399654548234,-272.42399654548234,-272.4158144966499,-272.4158144966499,-272.42399654548234,-272.4158144966499,-272.4158144966499,-272.4158144966499,-272.42399654548234,0.6230610516290653
2025-04-11 23:32:47.661265,-138.11374486919414,-1.0832761247038252,1.15036273022086,-272.4076324478646,-272.4076324478646,-272.4158144966499,-272.4158144966499,-272.42399654548234,-272.4158144966499,-272.42399654548234,-272.4158144966499,-272.4158144966499,-272.42399654548234,-272.42399654548234,0.6230610516290653
2025-04-11 23:32:47.756312,-140.12634417214346,-1.4104986170950182,0.8884127106066876,-272.4076324478646,-272.4158144966499,-272.42399654548234,-272.4158144966499,-272.4158144966499,-272.42399654548234,-272.42399654548234,-272.4158144966499,-272.4076324478646,-272.4158144966499,-272.4158144966499,0.6230610516290653
2025-04-11 23:32:47.918134,-51.61541904040602,-0.7887759395585077,1.166734601293392,-272.4158144966499,-272.42399654548234,-272.42399654548234,-272.4158144966499,-272.4158144966499,-272.42399654548234,-272.42399654548234,-272.42399654548234,-272.42399654548234,-272.4158144966499,-272.42399654548234,0.6230610516290653
2025-04-11 23:32:47.998401,-72.20669622178262,-2.007679840628892,0.5528353197846199,-272.4076324478646,-272.4158144966499,-272.4158144966499,-272.4158144966499,-272.4158144966499,-272.4158144966499,-272.4158144966499,-272.42399654548234,-272.42399654548234,-272.42399654548234,-272.42399654548234,0.6230610516290653
2025-04-11 23:32:48.083273,68.35178734404909,0.5691964256682397,1.9280259366106811,-272.4158144966499,-272.4076324478646,-272.4158144966499,-272.4076324478646,-272.4158144966499,-272.42399654548234,-272.4158144966499,-272.4158144966499,-272.4158144966499,-272.4158144966499,-272.42399654548234,0.6230610516290653
2025-04-11 23:32:48.185829,-111.49205595191017,-0.6333453084402685,1.0030158632856185,-272.4076324478646,-272.4158144966499,-272.42399654548234,-272.42399654548234,-272.4321785943622,-272.4158144966499,-272.42399654548234,-272.4076324478646,-272.4158144966499,-272.42399654548234,-272.4076324478646,0.6230610516290653
2025-04-11 23:32:48.278356,-149.49396615937727,-1.1732623033478173,1.166734601293392,-272.4076324478646,-272.42399654548234,-272.4158144966499,-272.4158144966499,-272.42399654548234,-272.4158144966499,-272.42399654548234,-272.4158144966499,-272.4158144966499,-272.4158144966499,-272.4158144966499,0.6230610516290653
2025-04-11 23:32:48.416183,-119.4932391785803,-0.8378592999334717,1.322267346244414,-272.4076324478646,-272.4158144966499,-272.4076324478646,-272.4158144966499,-272.4076324478646,-272.4158144966499,-272.42399654548234,-272.4076324478646,-272.4158144966499,-272.4158144966499,-272.42399654548234,0.6230610516290653
2025-04-11 23:32:48.499594,-50.748251705385854,-1.8849713515892894,0.6510203712681956,-272.4076324478646,-272.4158144966499,-272.4158144966499,-272.42399654548234,-272.42399654548234,-272.42399654548234,-272.4158144966499,-272.42399654548234,-272.4158144966499,-272.42399654548234,-272.4158144966499,0.6230610516290653
2025-04-11 23:32:48.584742,150.2811448803585,0.2665159393838958,2.1081161682848952,-272.4158144966499,-272.42399654548234,-272.4158144966499,-272.4158144966499,-272.42399654548234,-272.42399654548234,-272.42399654548234,-272.42399654548234,-272.42399654548234,-272.42399654548234,-272.42399654548234,0.6230610516290653
2025-04-11 23:32:48.686176,126.02554786849939,0.6346484810979178,0.896598651068955,-272.4076324478646,-272.4158144966499,-272.4158144966499,-272.4158144966499,-272.42399654548234,-272.42399654548234,-272.42399654548234,-272.42399654548234,-272.42399654548234,-272.42399654548234,-272.4076324478646,0.6230610516290653
2025-04-11 23:32:48.773596,-150.20574421698876,-1.263248487122698,0.806553297647693,-272.4076324478646,-272.4158144966499,-272.42399654548234,-272.4158144966499,-272.4158144966499,-272.4158144966499,-272.42399654548234,-272.42399654548234,-272.4076324478646,-272.4158144966499,-272.42399654548234,0.6230610516290653
2025-04-11 23:32:48.911408,-110.17489182649744,-0.7969564995150085,1.2977095480476988,-272.4158144966499,-272.4158144966499,-272.4158144966499,-272.4158144966499,-272.42399654548234,-272.4158144966499,-272.4158144966499,-272.42399654548234,-272.4158144966499,-272.4158144966499,-272.4158144966499,0.6230610516290653
2025-04-11 23:32:49.011448,-134.57124943967827,-1.6313738378168368,0.8884127106066876,-272.4158144966499,-272.42399654548234,-272.4076324478646,-272.42399654548234,-272.4076324478646,-272.42399654548234,-272.42399654548234,-272.42399654548234,-272.4158144966499,-272.42399654548234,-272.4076324478646,0.6230610516290653
2025-04-11 23:32:49.116576,-131.30692506199637,-0.8705815410314048,1.1831064717596473,-272.4076324478646,-272.4158144966499,-272.4158144966499,-272.42399654548234,-272.4076324478646,-272.4158144966499,-272.42399654548234,-272.4158144966499,-272.42399654548234,-272.42399654548234,-272.4158144966499,0.6230610516290653
2025-04-11 23:32:49.210747,263.79995200509444,-0.21613684795166233,0.8638548883104685,-272.4076324478646,-272.4158144966499,-272.4158144966499,-272.42399654548234,-272.4158144966499,-272.42399654548234,-272.42399654548234,-272.4158144966499,-272.42399654548234,-272.4158144966499,-272.4158144966499,0.6230610516290653
2025-04-11 23:32:49.293665,-140.63358507560616,-0.8705815410314048,1.5187296827098136,-272.4158144966499,-272.4158144966499,-272.42399654548234,-272.4158144966499,-272.42399654548234,-272.42399654548234,-272.42399654548234,-272.42399654548234,-272.4158144966499,-272.42399654548234,-272.42399654548234,0.6230610516290653
2025-04-11 23:32:49.415217,6.823179766911333,0.07836317542633253,1.919840015246091,-272.4158144966499,-272.42399654548234,-272.42399654548234,-272.42399654548234,-272.4158144966499,-272.4076324478646,-272.4076324478646,-272.42399654548234,-272.4158144966499,-272.4158144966499,-272.42399654548234,0.6230610516290653
2025-04-11 23:32:49.498373,-158.21531625696127,-1.1732623033478173,0.9948299247937529,-272.4076324478646,-272.4158144966499,-272.4158144966499,-272.42399654548234,-272.4158144966499,-272.42399654548234,-272.4158144966499,-272.4158144966499,-272.4158144966499,-272.4158144966499,-272.4076324478646,0.6230610516290653
2025-04-11 23:32:49.593642,194.72173773764342,0.22561316651758007,2.1817894237351334,-272.4158144966499,-272.42399654548234,-272.4076324478646,-272.42399654548234,-272.4076324478646,-272.42399654548234,-272.42399654548234,-272.4158144966499,-272.4158144966499,-272.4158144966499,-272.42399654548234,0.6230610516290653
2025-04-11 23:32:49.687407,-16.201026266392635,0.11108539685547825,0.8392970646501245,-272.4076324478646,-272.4158144966499,-272.42399654548234,-272.4158144966499,-272.4158144966499,-272.42399654548234,-272.4158144966499,-272.42399654548234,-272.4321785943622,-272.42399654548234,-272.4158144966499,0.6230610516290653
2025-04-11 23:32:49.780706,-122.70026935699819,-1.7949851323592343,0.9784580473553135,-272.4158144966499,-272.4158144966499,-272.4158144966499,-272.4158144966499,-272.42399654548234,-272.4158144966499,-272.42399654548234,-272.4076324478646,-272.42399654548234,-272.4158144966499,-272.42399654548234,0.6230610516290653
2025-04-11 23:32:49.920133,-107.44239351951573,-0.7642342599433876,1.322267346244414,-272.4076324478646,-272.4158144966499,-272.42399654548234,-272.4158144966499,-272.42399654548234,-272.42399654548234,-272.4158144966499,-272.42399654548234,-272.42399654548234,-272.42399654548234,-272.42399654548234,0.6230610516290653
2025-04-11 23:32:50.014244,85.9485241510183,-1.5904710168320557,0.741065756367493,-272.4076324478646,-272.4158144966499,-272.4158144966499,-272.4158144966499,-272.42399654548234,-272.42399654548234,-272.4158144966499,-272.4158144966499,-272.42399654548234,-272.4158144966499,-272.42399654548234,0.6230610516290653
2025-04-11 23:32:50.109614,-133.0168083706506,-0.960567707548629,1.2567798813551267,-272.4076324478646,-272.4158144966499,-272.42399654548234,-272.42399654548234,-272.4158144966499,-272.4158144966499,-272.4158144966499,-272.42399654548234,-272.42399654548234,-272.4158144966499,-272.42399654548234,0.6230610516290653
2025-04-11 23:32:50.195471,86.47255135003587,0.36491068149902706,0.5530634113431032,-272.40740435630613,-272.4155864050914,-272.4155864050914,-272.42376845392386,-272.42376845392386,-272.42376845392386,-272.4155864050914,-272.4155864050914,-272.42376845392386,-272.42376845392386,-272.42376845392386,0.6232891431875487
2025-04-11 23:32:50.277959,-168.98185395351578,-0.9030756912492313,1.2488220391203886,-272.40740435630613,-272.40740435630613,-272.4155864050914,-272.40740435630613,-272.42376845392386,-272.42376845392386,-272.4155864050914,-272.42376845392386,-272.42376845392386,-272.42376845392386,-272.42376845392386,0.6232891431875487
2025-04-11 23:32:50.399534,195.95749944023507,-0.24045042748753565,1.7154200234300963,-272.40740435630613,-272.40740435630613,-272.42376845392386,-272.4155864050914,-272.4155864050914,-272.42376845392386,-272.42376845392386,-272.42376845392386,-272.42376845392386,-272.4155864050914,-272.4155864050914,0.6232891431875487
2025-04-11 23:32:50.474781,-44.17883780104488,-1.7129513914088608,0.602146728485495,-272.40740435630613,-272.4155864050914,-272.4155864050914,-272.4155864050914,-272.4155864050914,-272.42376845392386,-272.4155864050914,-272.4155864050914,-272.42376845392386,-272.42376845392386,-272.4155864050914,0.6232891431875487
2025-04-11 23:32:50.568830,-23.882438040043148,-0.7803672880859207,1.355239166609886,-272.40740435630613,-272.4155864050914,-272.4155864050914,-272.4155864050914,-272.42376845392386,-272.4155864050914,-272.42376845392386,-272.42376845392386,-272.42376845392386,-272.42376845392386,-272.42376845392386,0.6232891431875487
2025-04-11 23:32:50.664726,-174.07073262135125,-1.50025672283925,1.1096611414455535,-272.4155864050914,-272.4155864050914,-272.42376845392386,-272.42376845392386,-272.42376845392386,-272.4155864050914,-272.42376845392386,-272.40740435630613,-272.42376845392386,-272.42376845392386,-272.4155864050914,0.6232891431875487
2025-04-11 23:32:50.749194,-78.26855349618602,-0.4531449262856615,0.8640829798689519,-272.4155864050914,-272.4155864050914,-272.42376845392386,-272.4155864050914,-272.4155864050914,-272.4155864050914,-272.42376845392386,-272.40740435630613,-272.4155864050914,-272.4155864050914,-272.4155864050914,0.6232891431875487
2025-04-11 23:32:50.834890,131.86066153423877,0.21766070337566495,1.9609977121118418,-272.4155864050914,-272.42376845392386,-272.4155864050914,-272.42376845392386,-272.40740435630613,-272.4155864050914,-272.4155864050914,-272.4155864050914,-272.4155864050914,-272.4155864050914,-272.4155864050914,0.6232891431875487
2025-04-11 23:32:50.983990,-163.4511954597608,-0.9357979337039268,1.0196158313731256,-272.40740435630613,-272.42376845392386,-272.42376845392386,-272.42376845392386,-272.42376845392386,-272.4155864050914,-272.42376845392386,-272.4155864050914,-272.4155864050914,-272.42376845392386,-272.4155864050914,0.6232891431875487
2025-04-11 23:32:51.076089,-111.4181975372644,-0.8785340098534007,1.1505908217793435,-272.4155864050914,-272.42376845392386,-272.40740435630613,-272.42376845392386,-272.42376845392386,-272.42376845392386,-272.42376845392386,-272.42376845392386,-272.42376845392386,-272.4155864050914,-272.4155864050914,0.6232891431875487
2025-04-11 23:32:51.168525,-84.18340490741765,-1.5820623612038518,1.003243954844102,-272.4155864050914,-272.4155864050914,-272.4155864050914,-272.4155864050914,-272.4155864050914,-272.42376845392386,-272.4155864050914,-272.42376845392386,-272.4155864050914,-272.4155864050914,-272.42376845392386,0.6232891431875487
2025-04-11 23:32:51.275807,88.43679247711285,-1.5657012331916453,0.7167360174450034,-272.4155864050914,-272.4155864050914,-272.42376845392386,-272.42376845392386,-272.42376845392386,-272.42376845392386,-272.4155864050914,-272.4155864050914,-272.4155864050914,-272.42376845392386,-272.42376845392386,0.6232891431875487
2025-04-11 23:32:51.402228,-135.55277443569094,-0.7640061683849042,1.158776757391394,-272.40740435630613,-272.4155864050914,-272.4155864050914,-272.42376845392386,-272.42376845392386,-272.42376845392386,-272.42376845392386,-272.4155864050914,-272.42376845392386,-272.4155864050914,-272.42376845392386,0.6232891431875487
2025-04-11 23:32:51.475634,232.5555491095135,0.19311903902019634,2.206575264382138,-272.40740435630613,-272.4155864050914,-272.4155864050914,-272.4155864050914,-272.4155864050914,-272.42376845392386,-272.4155864050914,-272.42376845392386,-272.40740435630613,-272.4155864050914,-272.4155864050914,0.6232891431875487
2025-04-11 23:32:51.571694,-144.06950958846957,-1.0094229817073912,1.1260330140337769,-272.40740435630613,-272.40740435630613,-272.4155864050914,-272.4155864050914,-272.4155864050914,-272.4155864050914,-272.4155864050914,-272.4155864050914,-272.4155864050914,-272.42376845392386,-272.42376845392386,0.6232891431875487
2025-04-11 23:32:51.667683,243.8460867410169,-0.8948951307415556,1.4616562684842347,-272.40740435630613,-272.42376845392386,-272.4155864050914,-272.42376845392386,-272.42376845392386,-272.42376845392386,-272.42376845392386,-272.4155864050914,-272.42376845392386,-272.42376845392386,-272.4155864050914,0.6232891431875487
2025-04-11 23:32:51.763459,-80.70648394285877,-1.8520209978987774,1.2324501710792384,-272.40740435630613,-272.42376845392386,-272.4155864050914,-272.42376845392386,-272.4155864050914,-272.4155864050914,-272.42376845392386,-272.42376845392386,-272.4155864050914,-272.4155864050914,-272.4155864050914,0.6232891431875487
2025-04-11 23:32:51.883926,-78.73486875046706,-1.9092849570752053,0.38945234318471644,-272.40740435630613,-272.4155864050914,-272.4155864050914,-272.4155864050914,-272.4155864050914,-272.4155864050914,-272.42376845392386,-272.4155864050914,-272.4155864050914,-272.4155864050914,-272.42376845392386,0.6232891431875487
2025-04-11 23:32:51.963550,90.07365341807052,0.6348765726564012,2.3457358167838693,-272.40740435630613,-272.4155864050914,-272.42376845392386,-272.4155864050914,-272.4155864050914,-272.4155864050914,-272.4155864050914,-272.4155864050914,-272.42376845392386,-272.4155864050914,-272.42376845392386,0.6232891431875487
2025-04-11 23:32:52.041486,-110.33828654508115,-1.353006584470181,1.2979376396061821,-272.4155864050914,-272.40740435630613,-272.42376845392386,-272.4155864050914,-272.4155864050914,-272.42376845392386,-272.4155864050914,-272.4155864050914,-272.42376845392386,-272.4155864050914,-272.42376845392386,0.6232891431875487
2025-04-11 23:32:52.123385,123.98804883559325,0.4876189861137044,2.1983893481708656,-272.40740435630613,-272.42376845392386,-272.4155864050914,-272.42376845392386,-272.42376845392386,-272.42376845392386,-272.4155864050914,-272.42376845392386,-272.4155864050914,-272.42376845392386,-272.42376845392386,0.6232891431875487
2025-04-11 23:32:52.218357,-103.09799416513123,-0.575853304011942,1.1505908217793435,-272.40740435630613,-272.4155864050914,-272.4155864050914,-272.4155864050914,-272.4155864050914,-272.42376845392386,-272.4155864050914,-272.4155864050914,-272.42376845392386,-272.42376845392386,-272.4155864050914,0.6232891431875487
2025-04-11 23:32:52.308505,50.72183826195537,-1.8111181711881081,0.9050126829381364,-272.40740435630613,-272.4155864050914,-272.4155864050914,-272.4155864050914,-272.42376845392386,-272.42376845392386,-272.42376845392386,-272.4155864050914,-272.42376845392386,-272.4155864050914,-272.4155864050914,0.6232891431875487
2025-04-11 23:32:52.437151,-102.1653488548308,-1.5657012331916453,0.7740376197786327,-272.40740435630613,-272.4155864050914,-272.4155864050914,-272.42376845392386,-272.4155864050914,-272.4155864050914,-272.42376845392386,-272.42376845392386,-272.4155864050914,-272.42376845392386,-272.42376845392386,0.6232891431875487
2025-04-11 23:32:52.531117,142.86735391750935,0.6594344076844633,2.1820175152936168,-272.40740435630613,-272.40740435630613,-272.4155864050914,-272.4155864050914,-272.4155864050914,-272.42376845392386,-272.42376845392386,-272.4155864050914,-272.4155864050914,-272.4155864050914,-272.4155864050914,0.6232891431875487
2025-04-11 23:32:52.637170,240.88439388095196,-0.07683929406410439,2.1083442598433786,-272.42376845392386,-272.4155864050914,-272.4155864050914,-272.42376845392386,-272.4155864050914,-272.4155864050914,-272.42376845392386,-272.42376845392386,-272.42376845392386,-272.42376845392386,-272.42376845392386,0.6232891431875487
2025-04-11 23:32:52.723943,86.48073570616688,-1.6393263105825464,1.273379840045346,-272.4155864050914,-272.42376845392386,-272.40740435630613,-272.42376845392386,-272.42376845392386,-272.4155864050914,-272.40740435630613,-272.4155864050914,-272.42376845392386,-272.4155864050914,-272.4155864050914,0.6232891431875487
2025-04-11 23:32:52.823359,-106.22317825755799,-0.8376312083749884,1.0114298931843986,-272.40740435630613,-272.40740435630613,-272.4155864050914,-272.42376845392386,-272.42376845392386,-272.4155864050914,-272.42376845392386,-272.42376845392386,-272.42376845392386,-272.4155864050914,-272.4155864050914,0.6232891431875487
2025-04-11 23:32:52.931625,-126.98700047425733,-0.7885478480000243,1.4125406861867122,-272.4155864050914,-272.4155864050914,-272.4155864050914,-272.4155864050914,-272.4155864050914,-272.4155864050914,-272.42376845392386,-272.42376845392386,-272.42376845392386,-272.40740435630613,-272.4155864050914,0.6232891431875487
2025-04-11 23:32:53.014549,-6.024114895998634,-1.6884096974183702,0.569424517226723,-272.40740435630613,-272.42376845392386,-272.4155864050914,-272.42376845392386,-272.4155864050914,-272.42376845392386,-272.4155864050914,-272.4155864050914,-272.4155864050914,-272.42376845392386,-272.4155864050914,0.6232891431875487
2025-04-11 23:32:53.106683,-89.59105539412606,-0.7558256085979913,1.404354755273301,-272.42376845392386,-272.4155864050914,-272.4155864050914,-272.42376845392386,-272.42376845392386,-272.42376845392386,-272.4155864050914,-272.42376845392386,-272.4155864050914,-272.4155864050914,-272.42376845392386,0.6232891431875487
2025-04-11 23:32:53.194566,-124.31992135800462,-1.426631651937166,1.1915204983239047,-272.40740435630613,-272.42376845392386,-272.4155864050914,-272.4155864050914,-272.42376845392386,-272.42376845392386,-272.42376845392386,-272.4155864050914,-272.42376845392386,-272.42376845392386,-272.42376845392386,0.6232891431875487
2025-04-11 23:32:53.293708,81.692861493782,0.20948014863288772,2.051042830449823,-272.40740435630613,-272.4155864050914,-272.42376845392386,-272.42376845392386,-272.4155864050914,-272.4155864050914,-272.42376845392386,-272.42376845392386,-272.4155864050914,-272.4155864050914,-272.42376845392386,0.6232891431875487
2025-04-11 23:32:53.416947,-41.74914599687251,-1.9420072203949155,0.8313392146853542,-272.40740435630613,-272.4155864050914,-272.4155864050914,-272.42376845392386,-272.42376845392386,-272.4155864050914,-272.4155864050914,-272.4155864050914,-272.4155864050914,-272.42376845392386,-272.4155864050914,0.6232891431875487
2025-04-11 23:32:53.529515,-108.64479131878802,-1.876562694434174,0.6348765726564012,-272.4155864050914,-272.4155864050914,-272.42376845392386,-272.42376845392386,-272.42376845392386,-272.42376845392386,-272.4155864050914,-272.42376845392386,-272.42376845392386,-272.4155864050914,-272.42376845392386,0.6232891431875487
2025-04-11 23:32:53.636742,-29.068997906850623,-1.9338266545013614,0.8640829798689519,-272.40740435630613,-272.40740435630613,-272.42376845392386,-272.42376845392386,-272.4155864050914,-272.4155864050914,-272.42376845392386,-272.4155864050914,-272.4155864050914,-272.4155864050914,-272.4155864050914,0.6232891431875487
2025-04-11 23:32:53.729694,-136.74724156277153,-1.361187147352437,1.4125406861867122,-272.40740435630613,-272.42376845392386,-272.4155864050914,-272.42376845392386,-272.42376845392386,-272.42376845392386,-272.42376845392386,-272.40740435630613,-272.4155864050914,-272.42376845392386,-272.42376845392386,0.6232891431875487
2025-04-11 23:32:53.801574,65.38914714984574,0.47125787938261887,2.1820175152936168,-272.4155864050914,-272.40740435630613,-272.4155864050914,-272.4155864050914,-272.42376845392386,-272.42376845392386,-272.4155864050914,-272.4155864050914,-272.4155864050914,-272.42376845392386,-272.42376845392386,0.6232891431875487
2025-04-11 23:32:53.949071,-10.891571747241034,0.029507933569655087,1.8463948077026886,-272.4155864050914,-272.42376845392386,-272.4155864050914,-272.4155864050914,-272.42376845392386,-272.42376845392386,-272.42376845392386,-272.42376845392386,-272.4155864050914,-272.40740435630613,-272.42376845392386,0.6232891431875487
2025-04-11 23:32:54.029383,-142.62141573842484,-1.7865764756706954,0.25038292192298756,-272.4155864050914,-272.4155864050914,-272.4155864050914,-272.42376845392386,-272.4155864050914,-272.4155864050914,-272.4155864050914,-272.4155864050914,-272.42376845392386,-272.4155864050914,-272.42376845392386,0.6232891431875487
2025-04-11 23:32:54.137062,49.57593426470068,-1.5575206692491577,0.96231426086908,-272.39922230756815,-272.42376845392386,-272.42376845392386,-272.40740435630613,-272.40740435630613,-272.42376845392386,-272.42376845392386,-272.4155864050914,-272.4155864050914,-272.40740435630613,-272.42376845392386,0.6232891431875487
2025-04-11 23:32:54.219214,-93.24797970380136,-1.6802291328397003,1.3061235724899896,-272.40740435630613,-272.4155864050914,-272.4155864050914,-272.42376845392386,-272.42376845392386,-272.4155864050914,-272.42376845392386,-272.42376845392386,-272.42376845392386,-272.42376845392386,-272.42376845392386,0.6232891431875487
2025-04-11 23:32:54.301986,-3.749913323693386,-0.1586448586565391,1.3716110301039666,-272.40740435630613,-272.42376845392386,-272.42376845392386,-272.42376845392386,-272.4155864050914,-272.40740435630613,-272.42376845392386,-272.42376845392386,-272.4155864050914,-272.42376845392386,-272.4155864050914,0.6232891431875487
2025-04-11 23:32:54.450241,-73.80993236881825,-0.714922810299369,1.486214057586817,-272.40740435630613,-272.4155864050914,-272.4155864050914,-272.40740435630613,-272.4155864050914,-272.4155864050914,-272.42376845392386,-272.40740435630613,-272.4155864050914,-272.42376845392386,-272.42376845392386,0.6232891431875487
2025-04-11 23:32:54.544607,-135.11098546641185,-1.6556874393581693,0.8313392146853542,-272.4155864050914,-272.4155864050914,-272.4155864050914,-272.4155864050914,-272.42376845392386,-272.42376845392386,-272.4155864050914,-272.42376845392386,-272.40740435630613,-272.4155864050914,-272.4319505028037,0.6232891431875487
2025-04-11 23:32:54.630879,9.631138856721224,-1.9583683523092774,0.8231532730105311,-272.4155864050914,-272.4155864050914,-272.4155864050914,-272.4155864050914,-272.4155864050914,-272.42376845392386,-272.42376845392386,-272.42376845392386,-272.4155864050914,-272.42376845392386,-272.4155864050914,0.6232891431875487
2025-04-11 23:32:54.726116,-100.1200760636962,-1.8438404324718114,1.1997064331781098,-272.40740435630613,-272.42376845392386,-272.4155864050914,-272.4155864050914,-272.4155864050914,-272.4155864050914,-272.4155864050914,-272.42376845392386,-272.42376845392386,-272.4155864050914,-272.4155864050914,0.6232891431875487
2025-04-11 23:32:54.821900,-51.88515823739331,-0.7231033698743017,1.4698421983366643,-272.40740435630613,-272.42376845392386,-272.4155864050914,-272.42376845392386,-272.4155864050914,-272.4155864050914,-272.42376845392386,-272.42376845392386,-272.4155864050914,-272.4155864050914,-272.42376845392386,0.6232891431875487
2025-04-11 23:32:54.946645,-127.90329868951403,-0.7721867282142143,1.5353296316996243,-272.40740435630613,-272.4155864050914,-272.42376845392386,-272.42376845392386,-272.40740435630613,-272.4155864050914,-272.42376845392386,-272.42376845392386,-272.42376845392386,-272.40740435630613,-272.4155864050914,0.6232891431875487
2025-04-11 23:32:55.028647,162.4250385483186,-1.8520209978987774,0.9541283216193677,-272.40740435630613,-272.4155864050914,-272.4155864050914,-272.4155864050914,-272.4155864050914,-272.4155864050914,-272.40740435630613,-272.42376845392386,-272.42376845392386,-272.42376845392386,-272.4155864050914,0.6232891431875487
2025-04-11 23:32:55.120482,-118.84635502329921,-0.7554834712601526,1.1836767006559694,-272.41524426775356,-272.423426316586,-272.41524426775356,-272.41524426775356,-272.41524426775356,-272.4316083654659,-272.423426316586,-272.423426316586,-272.41524426775356,-272.41524426775356,-272.41524426775356,0.6236312805253874
2025-04-11 23:32:55.217223,152.10655945866424,0.6761484342831616,2.485238462720325,-272.41524426775356,-272.41524426775356,-272.423426316586,-272.423426316586,-272.41524426775356,-272.423426316586,-272.423426316586,-272.41524426775356,-272.423426316586,-272.423426316586,-272.4070622189683,0.6236312805253874
2025-04-11 23:32:55.302624,-135.49516335051692,-1.508095149147024,1.0281439067481222,-272.4070622189683,-272.4070622189683,-272.423426316586,-272.423426316586,-272.423426316586,-272.423426316586,-272.423426316586,-272.423426316586,-272.41524426775356,-272.41524426775356,-272.423426316586,0.6236312805253874
2025-04-11 23:32:55.450949,60.396765770070935,-1.418108951377807,0.6679624897285166,-272.4070622189683,-272.423426316586,-272.41524426775356,-272.423426316586,-272.423426316586,-272.41524426775356,-272.41524426775356,-272.423426316586,-272.4070622189683,-272.41524426775356,-272.423426316586,0.6236312805253874
2025-04-11 23:32:55.538402,-159.7201249757396,-0.878191872515562,1.0690735946603727,-272.41524426775356,-272.41524426775356,-272.423426316586,-272.4070622189683,-272.41524426775356,-272.423426316586,-272.41524426775356,-272.41524426775356,-272.41524426775356,-272.423426316586,-272.423426316586,0.6236312805253874
2025-04-11 23:32:55.647683,222.10779644722467,-0.951816917847834,0.7907516421333823,-272.41524426775356,-272.423426316586,-272.423426316586,-272.423426316586,-272.423426316586,-272.41524426775356,-272.41524426775356,-272.41524426775356,-272.41524426775356,-272.423426316586,-272.423426316586,0.6236312805253874
2025-04-11 23:32:55.748500,-102.49225062054803,-0.6327750795439464,1.2900938439086445,-272.4070622189683,-272.423426316586,-272.423426316586,-272.41524426775356,-272.41524426775356,-272.41524426775356,-272.41524426775356,-272.423426316586,-272.423426316586,-272.423426316586,-272.423426316586,0.6236312805253874
2025-04-11 23:32:55.842089,213.06676349252288,0.18528062148812052,2.116872315059738,-272.4070622189683,-272.423426316586,-272.423426316586,-272.41524426775356,-272.423426316586,-272.423426316586,-272.41524426775356,-272.41524426775356,-272.423426316586,-272.423426316586,-272.423426316586,0.6236312805253874
2025-04-11 23:32:55.965760,-110.239770719528,-0.4364416726383096,1.3801390989614921,-272.4070622189683,-272.423426316586,-272.41524426775356,-272.41524426775356,-272.41524426775356,-272.423426316586,-272.423426316586,-272.423426316586,-272.423426316586,-272.41524426775356,-272.423426316586,0.6236312805253874
2025-04-11 23:32:56.077918,-144.04462347583336,-1.0908864572903962,1.0445157823677302,-272.4070622189683,-272.41524426775356,-272.4070622189683,-272.41524426775356,-272.423426316586,-272.423426316586,-272.423426316586,-272.41524426775356,-272.41524426775356,-272.423426316586,-272.41524426775356,0.6236312805253874
2025-04-11 23:32:56.163247,-83.64311687689272,-0.9027335539113925,2.4524948175790597,-272.4070622189683,-272.41524426775356,-272.41524426775356,-272.41524426775356,-272.4070622189683,-272.423426316586,-272.423426316586,-272.423426316586,-272.41524426775356,-272.423426316586,-272.423426316586,0.6236312805253874
2025-04-11 23:32:56.256627,182.4158775227719,0.2589056137917111,2.2069174017199766,-272.41524426775356,-272.41524426775356,-272.41524426775356,-272.423426316586,-272.41524426775356,-272.41524426775356,-272.423426316586,-272.423426316586,-272.41524426775356,-272.423426316586,-272.41524426775356,0.6236312805253874
2025-04-11 23:32:56.383319,-111.6223840840486,-0.5918722844249478,1.3801390989614921,-272.4070622189683,-272.423426316586,-272.423426316586,-272.423426316586,-272.423426316586,-272.423426316586,-272.423426316586,-272.41524426775356,-272.423426316586,-272.423426316586,-272.41524426775356,0.6236312805253874
2025-04-11 23:32:56.497096,-175.6821451152586,-1.0254419666145083,1.1345610874383736,-272.41524426775356,-272.4070622189683,-272.41524426775356,-272.423426316586,-272.423426316586,-272.423426316586,-272.423426316586,-272.423426316586,-272.423426316586,-272.41524426775356,-272.41524426775356,0.6236312805253874
2025-04-11 23:32:56.589098,96.40859030122496,0.4225166955102158,2.403379345320129,-272.4070622189683,-272.41524426775356,-272.4070622189683,-272.41524426775356,-272.423426316586,-272.423426316586,-272.423426316586,-272.41524426775356,-272.423426316586,-272.41524426775356,-272.423426316586,0.6236312805253874
2025-04-11 23:32:56.684789,57.13918790424908,0.21800284071350368,0.7252640984280693,-272.4070622189683,-272.423426316586,-272.423426316586,-272.41524426775356,-272.4070622189683,-272.41524426775356,-272.41524426775356,-272.423426316586,-272.423426316586,-272.41524426775356,-272.423426316586,0.6236312805253874
2025-04-11 23:32:56.764635,-36.02227256631235,-2.137998677228115,0.6188499711984883,-272.4070622189683,-272.41524426775356,-272.41524426775356,-272.423426316586,-272.423426316586,-272.423426316586,-272.423426316586,-272.41524426775356,-272.423426316586,-272.41524426775356,-272.41524426775356,0.6236312805253874
2025-04-11 23:32:56.884641,238.3811901248558,-0.4528027889478228,1.568415482081293,-272.4070622189683,-272.41524426775356,-272.423426316586,-272.41524426775356,-272.4316083654659,-272.423426316586,-272.423426316586,-272.4316083654659,-272.41524426775356,-272.41524426775356,-272.41524426775356,0.6236312805253874
2025-04-11 23:32:56.964589,-161.08642132548275,-1.7044286893651113,0.8316813520231929,-272.41524426775356,-272.41524426775356,-272.4070622189683,-272.423426316586,-272.41524426775356,-272.423426316586,-272.41524426775356,-272.423426316586,-272.423426316586,-272.41524426775356,-272.423426316586,0.6236312805253874
2025-04-11 23:32:57.044472,-100.91329944125756,-0.518247255881527,1.2900938439086445,-272.4070622189683,-272.41524426775356,-272.41524426775356,-272.423426316586,-272.423426316586,-272.4070622189683,-272.4070622189683,-272.41524426775356,-272.41524426775356,-272.423426316586,-272.41524426775356,0.6236312805253874
2025-04-11 23:32:57.124747,98.41370797350056,-1.7616926431971804,0.897168879965277,-272.423426316586,-272.4070622189683,-272.423426316586,-272.41524426775356,-272.423426316586,-272.41524426775356,-272.423426316586,-272.423426316586,-272.41524426775356,-272.423426316586,-272.423426316586,0.6236312805253874
2025-04-11 23:32:57.217376,-137.49139654306367,-0.7882057106621856,1.3801390989614921,-272.41524426775356,-272.423426316586,-272.41524426775356,-272.423426316586,-272.41524426775356,-272.423426316586,-272.41524426775356,-272.41524426775356,-272.423426316586,-272.4070622189683,-272.423426316586,0.6236312805253874
2025-04-11 23:32:57.310680,198.43708073071437,0.4061555881011362,2.0022694509677406,-272.41524426775356,-272.423426316586,-272.423426316586,-272.41524426775356,-272.4070622189683,-272.423426316586,-272.41524426775356,-272.423426316586,-272.423426316586,-272.41524426775356,-272.423426316586,0.6236312805253874
2025-04-11 23:32:57.427174,-54.76447011449499,-0.5755111666741033,1.5766014099633288,-272.4070622189683,-272.423426316586,-272.41524426775356,-272.41524426775356,-272.423426316586,-272.423426316586,-272.41524426775356,-272.423426316586,-272.41524426775356,-272.41524426775356,-272.41524426775356,0.6236312805253874
2025-04-11 23:32:57.523501,109.70767034180531,-1.508095149147024,1.060887657381061,-272.41524426775356,-272.4070622189683,-272.423426316586,-272.423426316586,-272.423426316586,-272.423426316586,-272.41524426775356,-272.423426316586,-272.4070622189683,-272.41524426775356,-272.423426316586,0.6236312805253874
2025-04-11 23:32:57.617200,-140.31394393567706,-1.0418030890290693,1.2982797769440209,-272.4070622189683,-272.41524426775356,-272.423426316586,-272.41524426775356,-272.423426316586,-272.4070622189683,-272.423426316586,-272.41524426775356,-272.41524426775356,-272.423426316586,-272.41524426775356,0.6236312805253874
2025-04-11 23:32:57.715058,118.78355136087166,0.659776545022302,2.2642188109549792,-272.4070622189683,-272.41524426775356,-272.41524426775356,-272.423426316586,-272.423426316586,-272.41524426775356,-272.4070622189683,-272.41524426775356,-272.41524426775356,-272.423426316586,-272.41524426775356,0.6236312805253874
2025-04-11 23:32:57.812591,-22.777704463963257,-2.2525266184452244,0.6925203229377427,-272.41524426775356,-272.41524426775356,-272.41524426775356,-272.423426316586,-272.423426316586,-272.423426316586,-272.423426316586,-272.41524426775356,-272.41524426775356,-272.423426316586,-272.423426316586,0.6236312805253874
2025-04-11 23:32:57.951033,256.8301909254517,0.3079889400870862,2.043199048696595,-272.4070622189683,-272.41524426775356,-272.423426316586,-272.41524426775356,-272.423426316586,-272.4070622189683,-272.423426316586,-272.4070622189683,-272.41524426775356,-272.41524426775356,-272.41524426775356,0.6236312805253874
2025-04-11 23:32:58.043653,-194.37699199090255,-1.818956599107572,0.5125027832303677,-272.4070622189683,-272.41524426775356,-272.41524426775356,-272.41524426775356,-272.41524426775356,-272.41524426775356,-272.423426316586,-272.41524426775356,-272.423426316586,-272.41524426775356,-272.423426316586,0.6236312805253874
2025-04-11 23:32:58.123296,-112.7759263821775,-0.5427889316811323,1.3392094398473682,-272.41524426775356,-272.423426316586,-272.423426316586,-272.41524426775356,-272.41524426775356,-272.423426316586,-272.423426316586,-272.423426316586,-272.41524426775356,-272.41524426775356,-272.41524426775356,0.6236312805253874
2025-04-11 23:32:58.207614,212.75584685540557,-0.2564694044245367,1.773063633661601,-272.4070622189683,-272.41524426775356,-272.41524426775356,-272.423426316586,-272.41524426775356,-272.41524426775356,-272.41524426775356,-272.41524426775356,-272.41524426775356,-272.423426316586,-272.423426316586,0.6236312805253874
2025-04-11 23:32:58.305968,-178.75021084763353,-1.3935672619676982,0.8316813520231929,-272.41524426775356,-272.423426316586,-272.423426316586,-272.41524426775356,-272.423426316586,-272.41524426775356,-272.41524426775356,-272.41524426775356,-272.41524426775356,-272.423426316586,-272.41524426775356,0.6236312805253874
2025-04-11 23:32:58.428428,245.93269233240474,-0.37099720909587053,1.609345119975785,-272.4070622189683,-272.4070622189683,-272.41524426775356,-272.41524426775356,-272.423426316586,-272.41524426775356,-272.423426316586,-272.41524426775356,-272.423426316586,-272.423426316586,-272.41524426775356,0.6236312805253874
2025-04-11 23:32:58.523568,-157.87930853645378,-1.6308036089205147,0.49614167675352505,-272.4070622189683,-272.423426316586,-272.423426316586,-272.423426316586,-272.423426316586,-272.41524426775356,-272.41524426775356,-272.4070622189683,-272.423426316586,-272.423426316586,-272.423426316586,0.6236312805253874
2025-04-11 23:32:58.615838,-123.48509531818975,-0.6491361978883046,1.412882823524551,-272.4070622189683,-272.41524426775356,-272.41524426775356,-272.41524426775356,-272.4070622189683,-272.41524426775356,-272.41524426775356,-272.41524426775356,-272.423426316586,-272.423426316586,-272.41524426775356,0.6236312805253874
2025-04-11 23:32:58.717122,204.67193758171513,0.07893340432265461,2.075942724151451,-272.4070622189683,-272.41524426775356,-272.41524426775356,-272.41524426775356,-272.41524426775356,-272.41524426775356,-272.423426316586,-272.41524426775356,-272.423426316586,-272.41524426775356,-272.423426316586,0.6236312805253874
2025-04-11 23:32:58.801492,-115.31208631366798,-1.7453315133188037,0.6024888658233337,-272.41524426775356,-272.41524426775356,-272.423426316586,-272.423426316586,-272.41524426775356,-272.423426316586,-272.41524426775356,-272.41524426775356,-272.41524426775356,-272.41524426775356,-272.41524426775356,0.6236312805253874
2025-04-11 23:32:58.950904,263.80052223399076,-0.24828884726592315,1.88766655716837,-272.41524426775356,-272.41524426775356,-272.41524426775356,-272.41524426775356,-272.41524426775356,-272.423426316586,-272.423426316586,-272.423426316586,-272.423426316586,-272.41524426775356,-272.423426316586,0.6236312805253874
2025-04-11 23:32:59.043655,-188.60079061358718,-1.712609254071022,1.1100032787833922,-272.4070622189683,-272.423426316586,-272.41524426775356,-272.423426316586,-272.41524426775356,-272.423426316586,-272.4070622189683,-272.423426316586,-272.423426316586,-272.41524426775356,-272.41524426775356,0.6236312805253874
2025-04-11 23:32:59.123344,-123.33783350123363,-0.7473029115156358,1.437440615355372,-272.4070622189683,-272.423426316586,-272.41524426775356,-272.41524426775356,-272.423426316586,-272.41524426775356,-272.423426316586,-272.41524426775356,-272.423426316586,-272.423426316586,-272.423426316586,0.6236312805253874
2025-04-11 23:32:59.218190,201.21904871403936,0.4388778027497951,2.026827210059758,-272.4070622189683,-272.41524426775356,-272.423426316586,-272.41524426775356,-272.41524426775356,-272.41524426775356,-272.423426316586,-272.41524426775356,-272.423426316586,-272.41524426775356,-272.4070622189683,0.6236312805253874
2025-04-11 23:32:59.311826,-40.70166513102013,-1.4508312045183391,0.7498219284543335,-272.4070622189683,-272.41524426775356,-272.423426316586,-272.423426316586,-272.41524426775356,-272.423426316586,-272.423426316586,-272.4070622189683,-272.4316083654659,-272.41524426775356,-272.423426316586,0.6236312805253874
2025-04-11 23:32:59.442603,204.59011588241952,0.3161694943213279,2.460680729091728,-272.4070622189683,-272.423426316586,-272.423426316586,-272.423426316586,-272.423426316586,-272.41524426775356,-272.41524426775356,-272.41524426775356,-272.41524426775356,-272.41524426775356,-272.423426316586,0.6236312805253874
2025-04-11 23:32:59.537044,-148.4298201583827,-1.5489979680112431,0.8889829395030097,-272.4070622189683,-272.41524426775356,-272.41524426775356,-272.41524426775356,-272.423426316586,-272.423426316586,-272.41524426775356,-272.41524426775356,-272.423426316586,-272.423426316586,-272.41524426775356,0.6236312805253874
2025-04-11 23:32:59.646236,-144.29006324703525,-0.9109141144614676,1.1754907654986262,-272.4070622189683,-272.41524426775356,-272.41524426775356,-272.423426316586,-272.423426316586,-272.423426316586,-272.423426316586,-272.41524426775356,-272.423426316586,-272.423426316586,-272.41524426775356,0.6236312805253874
2025-04-11 23:32:59.744754,-35.94864587281412,-0.084677712994778,1.6584606804474102,-272.4070622189683,-272.423426316586,-272.41524426775356,-272.41524426775356,-272.41524426775356,-272.41524426775356,-272.4070622189683,-272.41524426775356,-272.423426316586,-272.423426316586,-272.41524426775356,0.6236312805253874
2025-04-11 23:32:59.823373,123.05545252954434,-1.2463171335220251,0.7007062670376788,-272.4070622189683,-272.423426316586,-272.423426316586,-272.4070622189683,-272.423426316586,-272.41524426775356,-272.423426316586,-272.423426316586,-272.423426316586,-272.41524426775356,-272.41524426775356,0.6236312805253874
2025-04-11 23:32:59.946858,-131.11000472185668,-0.6409556386949284,1.5274858403975837,-272.41524426775356,-272.41524426775356,-272.423426316586,-272.423426316586,-272.41524426775356,-272.41524426775356,-272.423426316586,-272.41524426775356,-272.423426316586,-272.41524426775356,-272.41524426775356,0.6236312805253874
2025-04-11 23:33:00.026813,237.18668284304056,0.2589056137917111,2.256032895804683,-272.41524426775356,-272.41524426775356,-272.41524426775356,-272.423426316586,-272.41524426775356,-272.4070622189683,-272.41524426775356,-272.41524426775356,-272.423426316586,-272.41524426775356,-272.423426316586,0.6236312805253874
2025-04-11 23:33:00.122000,11.223485258746914,-1.8395374235822177,0.3528525710240891,-272.4112819128011,-272.41946396158636,-272.4276460104188,-272.4276460104188,-272.4276460104188,-272.41946396158636,-272.41946396158636,-272.41946396158636,-272.4276460104188,-272.4276460104188,-272.41946396158636,0.6194115866925927
2025-04-11 23:33:00.215763,-101.18749512672977,-1.7659123370299752,1.3841053364968154,-272.4112819128011,-272.4276460104188,-272.41946396158636,-272.41946396158636,-272.41946396158636,-272.41946396158636,-272.4276460104188,-272.4112819128011,-272.41946396158636,-272.41946396158636,-272.41946396158636,0.6194115866925927
2025-04-11 23:33:00.312277,131.72584769844153,0.4264775553183982,2.5465060518948115,-272.4112819128011,-272.41946396158636,-272.4276460104188,-272.41946396158636,-272.4276460104188,-272.41946396158636,-272.41946396158636,-272.41946396158636,-272.4276460104188,-272.4276460104188,-272.41946396158636,0.6194115866925927
2025-04-11 23:33:00.434869,-10.077388275723136,-1.8640791198631161,0.761974120547867,-272.41946396158636,-272.41946396158636,-272.4112819128011,-272.4276460104188,-272.41946396158636,-272.4112819128011,-272.41946396158636,-272.4276460104188,-272.4276460104188,-272.41946396158636,-272.41946396158636,0.6194115866925927
2025-04-11 23:33:00.529417,-122.61392553473623,-0.7924254044949803,1.3595475419377547,-272.41946396158636,-272.4276460104188,-272.41946396158636,-272.4276460104188,-272.41946396158636,-272.41946396158636,-272.41946396158636,-272.4276460104188,-272.4276460104188,-272.41946396158636,-272.41946396158636,0.6194115866925927
2025-04-11 23:33:00.623558,193.31072127944046,-0.9723977333319747,1.0566679635482663,-272.4112819128011,-272.4276460104188,-272.41946396158636,-272.4276460104188,-272.41946396158636,-272.4276460104188,-272.4276460104188,-272.4276460104188,-272.4112819128011,-272.41946396158636,-272.41946396158636,0.6194115866925927
2025-04-11 23:33:00.717752,133.8617409130068,0.696486573204884,0.843833541085336,-272.4112819128011,-272.41946396158636,-272.4276460104188,-272.4276460104188,-272.41946396158636,-272.41946396158636,-272.4276460104188,-272.41946396158636,-272.4276460104188,-272.4276460104188,-272.41946396158636,0.6194115866925927
2025-04-11 23:33:00.807191,-133.37225225173668,-1.1687312063773645,1.35136161011493,-272.4112819128011,-272.4276460104188,-272.4276460104188,-272.4276460104188,-272.41946396158636,-272.41946396158636,-272.41946396158636,-272.41946396158636,-272.41946396158636,-272.41946396158636,-272.41946396158636,0.6194115866925927
2025-04-11 23:33:00.917248,-78.4524123620305,-0.6533558917210993,1.4332209215225773,-272.41946396158636,-272.4276460104188,-272.4276460104188,-272.4276460104188,-272.4276460104188,-272.41946396158636,-272.41946396158636,-272.41946396158636,-272.4276460104188,-272.4276460104188,-272.4276460104188,0.6194115866925927
2025-04-11 23:33:01.006166,-2.6494136024369883,-1.888620816525762,0.7128584609500473,-272.4112819128011,-272.4276460104188,-272.41946396158636,-272.4112819128011,-272.4276460104188,-272.4276460104188,-272.4276460104188,-272.4276460104188,-272.4276460104188,-272.41946396158636,-272.4276460104188,0.6194115866925927
2025-04-11 23:33:01.101929,-167.848508616843,-0.93149492952161,1.3431756781405362,-272.41946396158636,-272.4112819128011,-272.4276460104188,-272.41946396158636,-272.41946396158636,-272.4276460104188,-272.4276460104188,-272.4276460104188,-272.41946396158636,-272.4276460104188,-272.4276460104188,0.6194115866925927
2025-04-11 23:33:01.194773,-141.22628870965366,-1.7904540321656515,1.3186178813079414,-272.41946396158636,-272.4276460104188,-272.41946396158636,-272.41946396158636,-272.41946396158636,-272.41946396158636,-272.4276460104188,-272.41946396158636,-272.4276460104188,-272.4276460104188,-272.41946396158636,0.6194115866925927
2025-04-11 23:33:01.290873,-150.89662799244144,-1.0133005382023472,1.3595475419377547,-272.4112819128011,-272.4276460104188,-272.41946396158636,-272.4276460104188,-272.4276460104188,-272.4276460104188,-272.41946396158636,-272.4112819128011,-272.4276460104188,-272.41946396158636,-272.41946396158636,0.6194115866925927
2025-04-11 23:33:01.399155,38.137409149186624,-1.7331900774428792,0.8192757165155751,-272.4112819128011,-272.4276460104188,-272.41946396158636,-272.4276460104188,-272.4276460104188,-272.41946396158636,-272.41946396158636,-272.4276460104188,-272.41946396158636,-272.41946396158636,-272.41946396158636,0.6194115866925927
2025-04-11 23:33:01.483308,-210.76905781240865,-1.4632314617422884,0.9911804598572802,-272.41946396158636,-272.4276460104188,-272.41946396158636,-272.4276460104188,-272.41946396158636,-272.41946396158636,-272.4276460104188,-272.4276460104188,-272.4276460104188,-272.4276460104188,-272.4276460104188,0.6194115866925927
2025-04-11 23:33:01.569137,-95.46892304114431,-0.8660504456297966,1.2940600831112261,-272.41946396158636,-272.41946396158636,-272.4276460104188,-272.4276460104188,-272.4276460104188,-272.41946396158636,-272.4276460104188,-272.4276460104188,-272.41946396158636,-272.4276460104188,-272.41946396158636,0.6194115866925927
2025-04-11 23:33:01.667690,-29.743693613499033,-0.5061058327265455,0.43465810891700035,-272.4276460104188,-272.41946396158636,-272.41946396158636,-272.41946396158636,-272.4276460104188,-272.4276460104188,-272.4276460104188,-272.4276460104188,-272.41946396158636,-272.41946396158636,-272.4276460104188,0.6194115866925927
2025-04-11 23:33:01.739075,240.5368932171834,-0.1788835285786048,1.9898638371344706,-272.4112819128011,-272.41946396158636,-272.41946396158636,-272.4276460104188,-272.41946396158636,-272.41946396158636,-272.4276460104188,-272.4276460104188,-272.4276460104188,-272.4276460104188,-272.41946396158636,0.6194115866925927
2025-04-11 23:33:01.834393,22.29047954586084,-1.7822734670780114,0.7128584609500473,-272.4112819128011,-272.41946396158636,-272.41946396158636,-272.4276460104188,-272.41946396158636,-272.4276460104188,-272.4276460104188,-272.4276460104188,-272.4276460104188,-272.41946396158636,-272.4276460104188,0.6194115866925927
2025-04-11 23:33:01.964630,-139.74547242208013,-0.5715503016950663,1.515080217773341,-272.4112819128011,-272.4276460104188,-272.41946396158636,-272.41946396158636,-272.41946396158636,-272.41946396158636,-272.41946396158636,-272.41946396158636,-272.4276460104188,-272.4276460104188,-272.41946396158636,0.6194115866925927
2025-04-11 23:33:02.044507,223.84630665961626,-0.06435573814918782,2.268185032120913,-272.41946396158636,-272.4276460104188,-272.4276460104188,-272.41946396158636,-272.41946396158636,-272.4276460104188,-272.4276460104188,-272.4276460104188,-272.4276460104188,-272.41946396158636,-272.41946396158636,0.6194115866925927
2025-04-11 23:33:02.138771,5.681698377095447,-1.7904540321656515,0.696486573204884,-272.41946396158636,-272.4276460104188,-272.41946396158636,-272.4276460104188,-272.4276460104188,-272.41946396158636,-272.4276460104188,-272.4276460104188,-272.41946396158636,-272.41946396158636,-272.41946396158636,0.6194115866925927
2025-04-11 23:33:02.225516,-112.5592549292942,-1.7740929020327862,0.5737275136100182,-272.4112819128011,-272.4276460104188,-272.4276460104188,-272.41946396158636,-272.4276460104188,-272.4276460104188,-272.4276460104188,-272.4276460104188,-272.4276460104188,-272.4276460104188,-272.41946396158636,0.6194115866925927
2025-04-11 23:33:02.322003,-126.32819842072814,-0.8415087648699444,1.4414068518297132,-272.4276460104188,-272.4112819128011,-272.4112819128011,-272.4276460104188,-272.41946396158636,-272.41946396158636,-272.4276460104188,-272.4276460104188,-272.4276460104188,-272.4276460104188,-272.41946396158636,0.6194115866925927
2025-04-11 23:33:02.463154,155.5392458976882,-0.1216196323254668,1.78521578786288,-272.4112819128011,-272.4276460104188,-272.4276460104188,-272.4276460104188,-272.4276460104188,-272.4276460104188,-272.41946396158636,-272.4276460104188,-272.4276460104188,-272.4276460104188,-272.4276460104188,0.6194115866925927
2025-04-11 23:33:02.546079,23.149960852926753,-1.929523645145181,0.5001025361803384,-272.4112819128011,-272.41946396158636,-272.4276460104188,-272.4276460104188,-272.41946396158636,-272.4276460104188,-272.4276460104188,-272.41946396158636,-272.4276460104188,-272.4276460104188,-272.41946396158636,0.6194115866925927
2025-04-11 23:33:02.632402,-168.97755004721353,-0.9805782942212478,1.0402960885349355,-272.4112819128011,-272.4276460104188,-272.41946396158636,-272.41946396158636,-272.4276460104188,-272.4276460104188,-272.4276460104188,-272.4276460104188,-272.4358280592987,-272.41946396158636,-272.4276460104188,0.6194115866925927
2025-04-11 23:33:02.725896,-128.66803144005925,-1.0133005382023472,0.9748085824188408,-272.41946396158636,-272.4276460104188,-272.41946396158636,-272.4276460104188,-272.41946396158636,-272.41946396158636,-272.4276460104188,-272.41946396158636,-272.41946396158636,-272.4276460104188,-272.4276460104188,0.6194115866925927
2025-04-11 23:33:02.823383,-98.85588587694372,-0.8415087648699444,1.4659646418417083,-272.41946396158636,-272.4276460104188,-272.4276460104188,-272.41946396158636,-272.4276460104188,-272.41946396158636,-272.41946396158636,-272.41946396158636,-272.41946396158636,-272.4276460104188,-272.4276460104188,0.6194115866925927
2025-04-11 23:33:02.935015,171.55323971542697,0.4264775553183982,2.268185032120913,-272.4112819128011,-272.41946396158636,-272.41946396158636,-272.4276460104188,-272.4276460104188,-272.41946396158636,-272.4276460104188,-272.41946396158636,-272.41946396158636,-272.4276460104188,-272.41946396158636,0.6194115866925927
2025-04-11 23:33:03.028379,-113.77824721680685,-1.3323424525728125,0.9338788861702787,-272.41946396158636,-272.41946396158636,-272.4276460104188,-272.4276460104188,-272.41946396158636,-272.4276460104188,-272.41946396158636,-272.4112819128011,-272.41946396158636,-272.4276460104188,-272.41946396158636,0.6194115866925927
2025-04-11 23:33:03.121829,-71.12228162360958,-0.39975857643915447,1.572381716130534,-272.4112819128011,-272.41946396158636,-272.41946396158636,-272.4276460104188,-272.41946396158636,-272.41946396158636,-272.4276460104188,-272.4276460104188,-272.41946396158636,-272.41946396158636,-272.4276460104188,0.6194115866925927
2025-04-11 23:33:03.202148,-119.43962030970229,-1.1360089591736995,1.8425172512077326,-272.4112819128011,-272.4276460104188,-272.4276460104188,-272.41946396158636,-272.4276460104188,-272.41946396158636,-272.4276460104188,-272.41946396158636,-272.4276460104188,-272.4276460104188,-272.4276460104188,0.6194115866925927
2025-04-11 23:33:03.306147,218.13536332325216,0.2301442562391272,2.2518132019718884,-272.4112819128011,-272.41946396158636,-272.4276460104188,-272.4276460104188,-272.41946396158636,-272.4276460104188,-272.41946396158636,-272.4276460104188,-272.4276460104188,-272.4276460104188,-272.4276460104188,0.6194115866925927
2025-04-11 23:33:03.430920,138.14167979619836,-1.495953715731003,0.8274616581903982,-272.4112819128011,-272.4276460104188,-272.41946396158636,-272.4276460104188,-272.4276460104188,-272.4276460104188,-272.41946396158636,-272.41946396158636,-272.4112819128011,-272.4276460104188,-272.4276460104188,0.6194115866925927
2025-04-11 23:33:03.504607,-159.01256204142302,-0.8987726872365116,1.4577787119892787,-272.4112819128011,-272.4112819128011,-272.4276460104188,-272.4276460104188,-272.4276460104188,-272.41946396158636,-272.4276460104188,-272.4276460104188,-272.4276460104188,-272.4112819128011,-272.4276460104188,0.6194115866925927
2025-04-11 23:33:03.598426,-30.9217164293193,-0.5388280668716663,1.572381716130534,-272.4112819128011,-272.41946396158636,-272.4276460104188,-272.4112819128011,-272.41946396158636,-272.41946396158636,-272.41946396158636,-272.41946396158636,-272.41946396158636,-272.4276460104188,-272.4276460104188,0.6194115866925927
2025-04-11 23:33:03.703302,-150.27484455493138,-0.8251476445753663,2.047165273954867,-272.41946396158636,-272.41946396158636,-272.41946396158636,-272.41946396158636,-272.4112819128011,-272.4276460104188,-272.4276460104188,-272.4276460104188,-272.4276460104188,-272.41946396158636,-272.41946396158636,0.6194115866925927
2025-04-11 23:33:03.807538,212.3179799079983,-0.7106198072617884,1.1712710716658314,-272.41946396158636,-272.4112819128011,-272.41946396158636,-272.4276460104188,-272.41946396158636,-272.4276460104188,-272.4276460104188,-272.41946396158636,-272.41946396158636,-272.41946396158636,-272.41946396158636,0.6194115866925927
2025-04-11 23:33:03.931282,1.7115424669351402,-1.6432038670775024,0.696486573204884,-272.41946396158636,-272.4276460104188,-272.4276460104188,-272.41946396158636,-272.41946396158636,-272.4276460104188,-272.41946396158636,-272.4276460104188,-272.4112819128011,-272.41946396158636,-272.41946396158636,0.6194115866925927
2025-04-11 23:33:04.005961,-58.39280747095681,-0.7106198072617884,1.4659646418417083,-272.4112819128011,-272.4276460104188,-272.41946396158636,-272.4112819128011,-272.4276460104188,-272.4276460104188,-272.41946396158636,-272.4276460104188,-272.41946396158636,-272.41946396158636,-272.41946396158636,0.6194115866925927
2025-04-11 23:33:04.100652,153.65713394267686,0.4510192159870805,2.2599991171221845,-272.4112819128011,-272.4276460104188,-272.41946396158636,-272.41946396158636,-272.4276460104188,-272.4276460104188,-272.41946396158636,-272.4276460104188,-272.4276460104188,-272.41946396158636,-272.41946396158636,0.6194115866925927
2025-04-11 23:33:04.194797,-97.50600847763226,-0.7269809263692577,1.032110150800916,-272.4112819128011,-272.41946396158636,-272.41946396158636,-272.41946396158636,-272.4276460104188,-272.41946396158636,-272.4276460104188,-272.41946396158636,-272.41946396158636,-272.4276460104188,-272.4276460104188,0.6194115866925927
2025-04-11 23:33:04.305975,162.74847889939934,-1.3896063927486062,0.843833541085336,-272.4112819128011,-272.4276460104188,-272.41946396158636,-272.41946396158636,-272.4276460104188,-272.4276460104188,-272.41946396158636,-272.4276460104188,-272.41946396158636,-272.41946396158636,-272.4276460104188,0.6194115866925927
2025-04-11 23:33:04.431962,-54.5559879076085,-1.8640791198631161,1.0075523366894426,-272.4112819128011,-272.4276460104188,-272.4276460104188,-272.4276460104188,-272.4112819128011,-272.41946396158636,-272.4276460104188,-272.41946396158636,-272.4276460104188,-272.41946396158636,-272.41946396158636,0.6194115866925927
2025-04-11 23:33:04.515965,-80.45675110372433,-1.0051199771434713,1.2940600831112261,-272.4112819128011,-272.4276460104188,-272.41946396158636,-272.41946396158636,-272.4276460104188,-272.4276460104188,-272.4276460104188,-272.4276460104188,-272.4276460104188,-272.41946396158636,-272.4276460104188,0.6194115866925927
2025-04-11 23:33:04.600735,-70.47598829770486,-0.547008625513927,1.4905224304895839,-272.4112819128011,-272.4276460104188,-272.4276460104188,-272.41946396158636,-272.41946396158636,-272.41946396158636,-272.41946396158636,-272.4276460104188,-272.41946396158636,-272.4276460104188,-272.41946396158636,0.6194115866925927
2025-04-11 23:33:04.693209,-136.99655768842962,-1.1441895209110102,2.497390590548757,-272.4112819128011,-272.41946396158636,-272.41946396158636,-272.41946396158636,-272.41946396158636,-272.4276460104188,-272.4276460104188,-272.41946396158636,-272.4276460104188,-272.4276460104188,-272.41946396158636,0.6194115866925927
2025-04-11 23:33:04.806435,8.243862541159341,-0.21160575594145603,1.8752609412131431,-272.4112819128011,-272.41946396158636,-272.41946396158636,-272.4112819128011,-272.41946396158636,-272.4112819128011,-272.41946396158636,-272.41946396158636,-272.4276460104188,-272.41946396158636,-272.4276460104188,0.6194115866925927
2025-04-11 23:33:04.926639,263.79630254015797,-0.4079391343607639,1.6460550602482662,-272.41946396158636,-272.4112819128011,-272.4276460104188,-272.4276460104188,-272.4276460104188,-272.41946396158636,-272.4276460104188,-272.41946396158636,-272.41946396158636,-272.4276460104188,-272.4276460104188,0.6194115866925927
2025-04-11 23:33:05.022624,-99.94396974683043,-1.2668979520591708,0.8192757165155751,-272.4112819128011,-272.41946396158636,-272.41946396158636,-272.41946396158636,-272.4276460104188,-272.4276460104188,-272.4276460104188,-272.4276460104188,-272.4276460104188,-272.41946396158636,-272.4276460104188,0.6194115866925927
2025-04-11 23:33:05.107593,-79.95839569065247,-0.5967762529333631,1.4489085073096597,-272.420148236262,-272.420148236262,-272.42833028509443,-272.420148236262,-272.42833028509443,-272.420148236262,-272.420148236262,-272.42833028509443,-272.420148236262,-272.420148236262,-272.4365123339743,0.6187273120169721
2025-04-11 23:33:05.208271,-152.45177200084436,-1.0221653739792451,2.193827517000289,-272.4119661874767,-272.420148236262,-272.42833028509443,-272.420148236262,-272.420148236262,-272.42833028509443,-272.42833028509443,-272.420148236262,-272.420148236262,-272.420148236262,-272.4365123339743,0.6187273120169721
2025-04-11 23:33:05.305803,-113.33714893775287,-0.8012902391271017,1.301561741319413,-272.420148236262,-272.42833028509443,-272.420148236262,-272.420148236262,-272.42833028509443,-272.42833028509443,-272.42833028509443,-272.42833028509443,-272.42833028509443,-272.42833028509443,-272.420148236262,0.6187273120169721
2025-04-11 23:33:05.430366,177.6241378361902,-0.5558734588742016,1.203330536710169,-272.4119661874767,-272.420148236262,-272.42833028509443,-272.42833028509443,-272.42833028509443,-272.420148236262,-272.420148236262,-272.42833028509443,-272.42833028509443,-272.42833028509443,-272.42833028509443,0.6187273120169721
2025-04-11 23:33:05.511577,12.794462020225703,-1.7256937873277614,0.6548725765138866,-272.4119661874767,-272.42833028509443,-272.420148236262,-272.420148236262,-272.42833028509443,-272.420148236262,-272.42833028509443,-272.42833028509443,-272.42833028509443,-272.42833028509443,-272.42833028509443,0.6187273120169721
2025-04-11 23:33:05.615914,-107.30764813627168,-0.6785818442312166,1.457094437313658,-272.4119661874767,-272.420148236262,-272.42833028509443,-272.42833028509443,-272.42833028509443,-272.420148236262,-272.42833028509443,-272.420148236262,-272.420148236262,-272.420148236262,-272.42833028509443,0.6187273120169721
2025-04-11 23:33:05.717006,-161.19768374545237,-1.2757627891505752,1.5635115135728777,-272.420148236262,-272.420148236262,-272.420148236262,-272.420148236262,-272.420148236262,-272.42833028509443,-272.42833028509443,-272.42833028509443,-272.420148236262,-272.420148236262,-272.420148236262,0.6187273120169721
2025-04-11 23:33:05.812246,-106.71860728735169,-0.6704012849106564,1.4243507163882518,-272.4119661874767,-272.420148236262,-272.420148236262,-272.420148236262,-272.42833028509443,-272.42833028509443,-272.42833028509443,-272.4119661874767,-272.420148236262,-272.42833028509443,-272.420148236262,0.6187273120169721
2025-04-11 23:33:05.946041,196.21477210331642,-0.5558734588742016,1.391606993037744,-272.4119661874767,-272.4119661874767,-272.420148236262,-272.42833028509443,-272.420148236262,-272.420148236262,-272.420148236262,-272.420148236262,-272.420148236262,-272.42833028509443,-272.42833028509443,0.6187273120169721
2025-04-11 23:33:06.036555,13.383833468385555,-1.9711107495006628,0.6630585212201012,-272.4119661874767,-272.42833028509443,-272.42833028509443,-272.42833028509443,-272.420148236262,-272.420148236262,-272.420148236262,-272.42833028509443,-272.420148236262,-272.4119661874767,-272.420148236262,0.6187273120169721
2025-04-11 23:33:06.141338,-134.87829031247009,-1.1530543573663452,1.1132852466448733,-272.4119661874767,-272.420148236262,-272.420148236262,-272.42833028509443,-272.42833028509443,-272.42833028509443,-272.42833028509443,-272.42833028509443,-272.420148236262,-272.42833028509443,-272.420148236262,0.6187273120169721
2025-04-11 23:33:06.233756,51.39663239837831,-1.8402216982578383,1.0969133737535115,-272.4119661874767,-272.42833028509443,-272.42833028509443,-272.42833028509443,-272.42833028509443,-272.42833028509443,-272.42833028509443,-272.42833028509443,-272.42833028509443,-272.42833028509443,-272.420148236262,0.6187273120169721
2025-04-11 23:33:06.328423,-130.1495210182985,-1.5211796813434626,0.9004508517675598,-272.4119661874767,-272.4119661874767,-272.420148236262,-272.420148236262,-272.420148236262,-272.420148236262,-272.42833028509443,-272.42833028509443,-272.42833028509443,-272.420148236262,-272.420148236262,0.6187273120169721
2025-04-11 23:33:06.464656,-149.49829989898936,-0.6131373708537811,0.7940336159060681,-272.420148236262,-272.4119661874767,-272.4119661874767,-272.420148236262,-272.420148236262,-272.420148236262,-272.42833028509443,-272.420148236262,-272.42833028509443,-272.4119661874767,-272.42833028509443,0.6187273120169721
2025-04-11 23:33:06.582563,-108.67389654546213,-0.7767485593847909,1.5962552241916086,-272.420148236262,-272.420148236262,-272.420148236262,-272.42833028509443,-272.420148236262,-272.420148236262,-272.420148236262,-272.420148236262,-272.420148236262,-272.42833028509443,-272.42833028509443,0.6187273120169721
